,accuracy,precision,f1_score,recall,Overall selection rate,Demographic parity difference,Demographic parity ratio,False positive rate difference,Equalized odds difference,False negative rate difference
0,0.83,0.8285714285714286,0.8721804511278196,0.9206349206349206,0.7,0.06944444444444442,0.9074074074074074,0.38333333333333336,0.38333333333333336,0.06117021276595745
