dataset,variable,TP,TN,FP,FN,accuracy
train_x,Df,3469,2349,951,1331,0.7182716049382716
train_x,D,3788,2123,1177,1012,0.7297530864197531
valid_x,Df,390,276,91,143,0.74
valid_x,D,417,237,130,116,0.7266666666666667
test_x,Df,429,292,115,164,0.721
test_x,D,467,267,140,126,0.734
