dataset,variable,TP,TN,FP,FN,accuracy
train_x,Df,513,98,145,54,0.754320987654321
train_x,D,513,98,145,54,0.754320987654321
valid_x,Df,58,12,15,5,0.7777777777777778
valid_x,D,58,12,15,5,0.7777777777777778
test_x,Df,58,7,23,12,0.65
test_x,D,58,7,23,12,0.65
