dataset,variable,TP,TN,FP,FN,accuracy
train_x,Df,3726,3351,694,329,0.8737037037037036
train_x,D,3843,2923,1122,212,0.8353086419753086
valid_x,Df,417,378,64,41,0.8833333333333333
valid_x,D,425,320,122,33,0.8277777777777777
test_x,Df,465,411,79,45,0.876
test_x,D,482,365,125,28,0.847
