dataset,variable,TP,TN,FP,FN,accuracy
train_x,Df,439,129,114,128,0.7012345679012346
train_x,D,548,47,196,19,0.7345679012345679
valid_x,Df,47,14,13,16,0.6777777777777778
valid_x,D,61,5,22,2,0.7333333333333333
test_x,Df,45,12,18,25,0.57
test_x,D,65,4,26,5,0.69
